{
  "project_info": {
    "project_number": "733019386199",
    "firebase_url": "https://studybuddy-3e310-default-rtdb.europe-west1.firebasedatabase.app",
    "project_id": "studybuddy-3e310",
    "storage_bucket": "studybuddy-3e310.appspot.com"
  },
  "client": [
    {
      "client_info": {
        "mobilesdk_app_id": "1:733019386199:android:bbbb334bc05f5103d04e12",
        "android_client_info": {
          "package_name": "com.example.myapplication"
        }
      },
      "oauth_client": [
        {
          "client_id": "733019386199-58i4i9agg5so6e9hba18jkpsl33685pq.apps.googleusercontent.com",
          "client_type": 3
        }
      ],
      "api_key": [
        {
          "current_key": "AIzaSyBJsKImsQ2CDxwxN9D-702aKa2V_qkdyf8"
        }
      ],
      "services": {
        "appinvite_service": {
          "other_platform_oauth_client": [
            {
              "client_id": "733019386199-58i4i9agg5so6e9hba18jkpsl33685pq.apps.googleusercontent.com",
              "client_type": 3
            }
          ]
        }
      }
    }
  ],
  "configuration_version": "1"
}